{
  "timestamp": "2026-02-01T21:14:02.788773",
  "client": {
    "ip": "188.36.31.240",
    "isp": "Telekom",
    "lat": 47.5,
    "lon": 19.0412,
    "country": "HU"
  },
  "server": {
    "id": "2073",
    "name": "Budapest",
    "sponsor": "Magyar Telekom Plc.",
    "hostname": "speedtest.telekom.hu.prod.hosts.ooklaserver.net",
    "port": 8080,
    "country": "Hungary",
    "cc": "HU",
    "lat": 47.5,
    "lon": 19.05,
    "distance": 8.0
  },
  "ping": 6.5,
  "jitter": 1.277,
  "pings": [
    9.3,
    10.8,
    9.5,
    9.5,
    8.3,
    9.5,
    7.7,
    8.6,
    6.5,
    8.2
  ],
  "latency": {
    "connectionProtocol": "wss",
    "tcp": {
      "jitter": 1.277,
      "rtt": {
        "min": 6.5,
        "max": 10.8,
        "mean": 8.790000000000001,
        "median": 9.3
      },
      "count": 10,
      "samples": [
        9.3,
        10.8,
        9.5,
        9.5,
        8.3,
        9.5,
        7.7,
        8.6,
        6.5,
        8.2
      ]
    }
  },
  "download": {
    "speed_bps": 777732848.7,
    "speed_mbps": 777.73,
    "bytes": 292270567,
    "duration_ms": 3006.39,
    "connections": [
      {
        "id": 0,
        "server_id": "2073",
        "hostname": "speedtest.telekom.hu.prod.hosts.ooklaserver.net",
        "bytes": 83306661,
        "duration_ms": 3002.26,
        "speed_mbps": 221.98
      },
      {
        "id": 1,
        "server_id": "2073",
        "hostname": "speedtest.telekom.hu.prod.hosts.ooklaserver.net",
        "bytes": 31094830,
        "duration_ms": 2990.5,
        "speed_mbps": 83.18
      },
      {
        "id": 2,
        "server_id": "2073",
        "hostname": "speedtest.telekom.hu.prod.hosts.ooklaserver.net",
        "bytes": 139401482,
        "duration_ms": 2983.42,
        "speed_mbps": 373.8
      },
      {
        "id": 3,
        "server_id": "2073",
        "hostname": "speedtest.telekom.hu.prod.hosts.ooklaserver.net",
        "bytes": 38467594,
        "duration_ms": 2979.95,
        "speed_mbps": 103.27
      }
    ],
    "samples": [
      711.22,
      927.14,
      818.98,
      774.3,
      710.3
    ]
  },
  "upload": {
    "speed_bps": 41912417.11,
    "speed_mbps": 41.91,
    "bytes": 15728640,
    "duration_ms": 3002.19,
    "connections": [
      {
        "id": 0,
        "server_id": "2073",
        "hostname": "speedtest.telekom.hu.prod.hosts.ooklaserver.net",
        "bytes": 3145728,
        "duration_ms": 3001.85,
        "speed_mbps": 8.38
      },
      {
        "id": 1,
        "server_id": "2073",
        "hostname": "speedtest.telekom.hu.prod.hosts.ooklaserver.net",
        "bytes": 5242880,
        "duration_ms": 3000.74,
        "speed_mbps": 13.98
      },
      {
        "id": 2,
        "server_id": "2073",
        "hostname": "speedtest.telekom.hu.prod.hosts.ooklaserver.net",
        "bytes": 4194304,
        "duration_ms": 3000.43,
        "speed_mbps": 11.18
      },
      {
        "id": 3,
        "server_id": "2073",
        "hostname": "speedtest.telekom.hu.prod.hosts.ooklaserver.net",
        "bytes": 3145728,
        "duration_ms": 3000.21,
        "speed_mbps": 8.39
      }
    ],
    "samples": [
      0.0,
      67.01,
      33.53,
      66.99,
      50.29
    ]
  },
  "serverSelection": {
    "closestPingDetails": [
      {
        "server_id": "2073",
        "server_name": "Budapest",
        "sponsor": "Magyar Telekom Plc.",
        "external_ip": "",
        "pings": [
          9.3,
          10.8,
          9.5,
          9.5,
          8.3,
          9.5,
          7.7,
          8.6,
          6.5,
          8.2
        ],
        "latency_ms": 6.5,
        "jitter_ms": 1.277,
        "success": true,
        "server_version": ""
      },
      {
        "server_id": "28951",
        "server_name": "Budapest",
        "sponsor": "ZNET Telekom Zrt.",
        "external_ip": "",
        "pings": [
          10.9,
          11.2,
          8.9,
          8.3,
          6.8,
          7.9,
          9.7,
          8.8,
          9.2,
          9.9
        ],
        "latency_ms": 6.8,
        "jitter_ms": 1.072,
        "success": true,
        "server_version": ""
      },
      {
        "server_id": "22794",
        "server_name": "Budapest",
        "sponsor": "OPC NETWORKS Kft.",
        "external_ip": "",
        "pings": [
          10.6,
          10.5,
          9.6,
          9.1,
          9.4,
          8.7,
          8.5,
          7.0,
          8.5,
          8.5
        ],
        "latency_ms": 7.0,
        "jitter_ms": 0.659,
        "success": true,
        "server_version": ""
      },
      {
        "server_id": "41195",
        "server_name": "Budapest",
        "sponsor": "Giganet Internet Kft",
        "external_ip": "",
        "pings": [
          10.9,
          10.3,
          9.8,
          9.5,
          7.4,
          8.8,
          7.6,
          7.9,
          8.7,
          7.2
        ],
        "latency_ms": 7.2,
        "jitter_ms": 0.973,
        "success": true,
        "server_version": ""
      },
      {
        "server_id": "26895",
        "server_name": "Budapest",
        "sponsor": "HostingBazis Bt.",
        "external_ip": "",
        "pings": [
          10.0,
          12.2,
          9.9,
          10.7,
          9.2,
          8.5,
          10.1,
          8.9,
          7.6,
          8.0
        ],
        "latency_ms": 7.6,
        "jitter_ms": 1.356,
        "success": true,
        "server_version": ""
      },
      {
        "server_id": "1697",
        "server_name": "Budapest",
        "sponsor": "Yettel Hungary",
        "external_ip": "",
        "pings": [
          10.3,
          10.7,
          10.8,
          10.5,
          9.7,
          9.9,
          11.0,
          8.1,
          7.9,
          8.8
        ],
        "latency_ms": 7.9,
        "jitter_ms": 0.77,
        "success": true,
        "server_version": ""
      },
      {
        "server_id": "31717",
        "server_name": "Budapest",
        "sponsor": "Digi Kft",
        "external_ip": "",
        "pings": [
          10.7,
          11.1,
          12.7,
          10.4,
          8.9,
          8.0,
          9.3,
          8.7,
          9.8,
          8.6
        ],
        "latency_ms": 8.0,
        "jitter_ms": 1.219,
        "success": true,
        "server_version": ""
      },
      {
        "server_id": "36406",
        "server_name": "Budapest",
        "sponsor": "Microsystem-Kecskemét Kft",
        "external_ip": "",
        "pings": [
          10.5,
          10.4,
          11.5,
          11.1,
          14.7,
          10.9,
          10.2,
          8.1,
          9.4,
          9.7
        ],
        "latency_ms": 8.1,
        "jitter_ms": 1.494,
        "success": true,
        "server_version": ""
      },
      {
        "server_id": "71778",
        "server_name": "Budapest",
        "sponsor": "SWEET TV",
        "external_ip": "",
        "pings": [
          10.9,
          10.3,
          9.2,
          9.9,
          10.0,
          9.0,
          9.0,
          10.7,
          8.1,
          9.2
        ],
        "latency_ms": 8.1,
        "jitter_ms": 0.978,
        "success": true,
        "server_version": ""
      },
      {
        "server_id": "70305",
        "server_name": "Budapest",
        "sponsor": "DarkSystems",
        "external_ip": "",
        "pings": [],
        "latency_ms": 0.0,
        "jitter_ms": 0.0,
        "success": false,
        "server_version": ""
      }
    ]
  }
}